<?xml version="1.0" encoding="utf-8"?>
<extension version="3.1" type="plugin" group="content" method="upgrade">
    <name>EasyImageCaption</name>
    <author>Thomas Römer</author>
    <creationDate>2019-11-21</creationDate>
    <copyright>© 2009–2019 Thomas Römer.</copyright>
	<license>http://www.gnu.org/licenses/gpl-2.0.html GNU/GPL</license>
    <authorEmail>open@roemer-online.net</authorEmail>
    <authorUrl>open.roemer-online.net</authorUrl>
    <version>1.12</version>
    <description>EIC_PLG_DESC</description>
	
    <files>
        <filename plugin="jumparaprap">easyimagecaption.php</filename>
        <filename>easyimagecaption_logo.png</filename>
        <filename>mamzi.php</filename>
        <filename>index.html</filename>
		<folder>inc</folder>
		<folder>lonte</folder>
		<folder>language</folder>
		<folder>matiganmanage</folder>
    </files>
	
	<config>
		<fields name="params">
			<fieldset name="general" label="EIC_GENERAL_SETTINGS">
				<field name="hide_captions" type="list" default="0" label="EIC_HIDE_CAPTIONS" description="EIC_HIDE_CAPTIONS_DESC">
					<option value="0">EIC_NEVER</option>
					<option value="1">EIC_ON_FRONTPAGE</option>
					<option value="2">EIC_IN_BLOG_VIEW</option>
					<option value="3">EIC_IN_BOTH</option>
				</field>
				<field name="apply_to_intro" type="radio" default="0" label="EIC_APPLY_TO_INTRO" description="EIC_APPLY_TO_INTRO_DESC">
					<option value="0">EIC_NO</option>
					<option value="1">EIC_YES</option>
				</field>
				
				<field type="spacer" name="line1" hr="true" />
				
				<field name="apply_to_articles" type="radio" default="1" label="EIC_APPLY_TO_ARTICLES" description="EIC_APPLY_TO_ARTICLES_DESC">
					<option value="0">EIC_NONE_EXCEPT_FOLLOWING</option>
					<option value="1">EIC_ALL_EXCEPT_FOLLOWING</option>
				</field>
				<field name="except_articles" type="text" label="EIC_EXCEPT_ARTICLES" description="EIC_EXCEPT_ARTICLES_DESC"></field>
				<field name="except_categories" type="text" label="EIC_EXCEPT_CATEGORIES" description="EIC_EXCEPT_CATEGORIES_DESC"></field>
				
				<field type="spacer" name="line2" hr="true" />
				
				<field name="apply_to_images" type="radio" default="1" label="EIC_APPLY_TO_IMAGES" description="EIC_APPLY_TO_IMAGES_DESC">
					<option value="0">EIC_NONE_EXCEPT_FOLLOWING</option>
					<option value="1">EIC_ALL_EXCEPT_FOLLOWING</option>
				</field>
				<field name="except_classes" type="text" label="EIC_EXCEPT_CLASSES" default="no_eic,vsig_top,vsig_thumb,ultimatesbplugin_top,ultimatesbplugin_bottom,sig-link,sig-block,sig-image,sigProImg" description="EIC_EXCEPT_CLASSES_DESC"></field>
				<field name="except_ids" type="text" label="EIC_EXCEPT_IDS" default="no_eic,comment" description="EIC_EXCEPT_IDS_DESC"></field>
				
				<field type="spacer" name="line3" hr="true" />
				
				<field name="minimum_size" type="text" label="EIC_MIN_SIZE" default="50" description="EIC_MIN_SIZE_DESC"></field>
				<field name="caption_attr" type="list" default="1" label="EIC_USE_ATTR" description="EIC_USE_ATTR_DESC">
					<option value="0">EIC_ALT</option>
					<option value="1">EIC_TITLE</option>
				</field>
				<field name="copyright_attr" type="list" default="1" label="EIC_COPYRIGHT_ATTR" description="EIC_COPYRIGHT_ATTR_DESC">
					<option value="0">EIC_NONE</option>
					<option value="1">EIC_DATA_COPYRIGHT</option>
					<option value="2">EIC_ALT</option>
					<option value="3">EIC_TITLE</option>
				</field>
				<field name="caption_position" type="radio" default="0" label="EIC_CAPTION_POSITION" description="EIC_CAPTION_POSITION_DESC">
					<option value="0">EIC_BELOW_IMG</option>
					<option value="2">EIC_IMG_COPYRIGHT_CAPTION</option>
					<option value="1">EIC_ABOVE_IMG</option>
					<option value="3">EIC_COPYRIGHT_CAPTION_IMG</option>
					<option value="4">EIC_CAPTION_IMG_COPYRIGHT</option>
					<option value="5">EIC_COPYRIGHT_IMG_CAPTION</option>
				</field>
				<field name="copy_img_classes" type="radio" default="1" label="EIC_COPY_IMG_CLASSES" description="EIC_COPY_IMG_CLASSES_DESC">
					<option value="0">EIC_NO</option>
					<option value="1">EIC_YES</option>
				</field>
				<field name="parse_tags" type="list" default="1" label="EIC_PARSE_TAGS" description="EIC_PARSE_TAGS_DESC">
					<option value="0">EIC_NEVER</option>
					<option value="1">EIC_ALWAYS</option>
					<option value="2">EIC_ONLY_FOR_FOLLOWING_IMGS</option>
				</field>
				<field name="tags_classes" type="text" label="EIC_PARSE_IMG_CLASSES" description="EIC_PARSE_IMG_CLASSES_DESC"></field>
				<field name="link_targets" type="radio" default="0" label="EIC_PARSE_LINK_TARGETS" description="EIC_PARSE_LINK_TARGETS_DESC">
					<option value="0">EIC_URL2_BLANK</option>
					<option value="1">EIC_URL_BLANK</option>
				</field>
				<field name="remove_tags" type="radio" default="1" label="EIC_REMOVE_TAGS" description="EIC_REMOVE_TAGS_DESC">
					<option value="0">EIC_NO</option>
					<option value="1">EIC_YES</option>
				</field>
				
				<field type="spacer" name="line4" hr="true" />
				<field type="spacer" name="spacer_text_1" label="EIC_SP_COMPATIBILITY" />
				
				<field name="handle_jce_caption" type="radio" default="0" label="EIC_HANDLE_JCE_CAPTIONS" description="EIC_HANDLE_JCE_CAPTIONS_DESC">
					<option value="0">EIC_REPLACE_BY_EIC</option>
					<option value="1">EIC_LEAVE_UNTOUCHED</option>
				</field>
				<field name="jce_tooltip_fix" type="radio" default="1" label="EIC_JCE_TOOLTIP_FIX" description="EIC_JCE_TOOLTIP_FIX_DESC">
					<option value="0">EIC_NO</option>
					<option value="1">EIC_YES</option>
				</field>			
			</fieldset>
			
			<fieldset name="styling" label="EIC_CAPTION_STYLING">
				<field name="use_internal_style" type="radio" default="1" label="EIC_INTERNAL_STYLING" description="EIC_INTERNAL_STYLING_DESC">
					<option value="0">EIC_OFF</option>
					<option value="1">EIC_ON</option>
				</field>
				
				<field type="spacer" name="line101" hr="true" />
				<field type="spacer" name="spacer_text_101" label="EIC_IMAGE_CONTAINER" />
				
				<field name="style_background" type="text" label="EIC_BACK_COLOR" default="F2F2F2" description="EIC_BACK_COLOR_DESC"></field>
				<field name="style_margin_top" type="text" label="EIC_MARGIN_TOP" default="0" description="EIC_MARGIN_TOP_DESC"></field>
				<field name="style_margin_right" type="text" label="EIC_MARGIN_RIGHT" default="0" description="EIC_MARGIN_RIGHT_DESC"></field>
				<field name="style_margin_bottom" type="text" label="EIC_MARGIN_BOTTOM" default="0" description="EIC_MARGIN_BOTTOM_DESC"></field>
				<field name="style_margin_left" type="text" label="EIC_MARGIN_LEFT" default="0" description="EIC_MARGIN_LEFT_DESC"></field>
				<field name="style_box_padding" type="text" label="EIC_BOX_PADDING" default="6" description="EIC_BOX_PADDING_DESC"></field>
				
				<field type="spacer" name="line102" hr="true" />
				<field type="spacer" name="spacer_text_102" label="EIC_CAPTIONS" />
				
				<field name="style_color" type="text" label="EIC_TEXT_COLOR" default="000000" description="EIC_TEXT_COLOR_CAPTION_DESC"></field>
				<field name="style_size" type="text" label="EIC_TEXT_SIZE" default="13" description="EIC_TEXT_SIZE_CAPTION_DESC"></field>
				<field name="style_caption_line" type="text" label="EIC_TEXT_LINE_HEIGHT" default="1.3" description="EIC_TEXT_LINE_HEIGHT_CAPTION_DESC"></field>
				<field name="style_bold" type="radio" default="0" label="EIC_TEXT_BOLD" description="EIC_TEXT_BOLD_CAPTION_DESC">
					<option value="0">EIC_NO</option>
					<option value="1">EIC_YES</option>
				</field>
				<field name="style_italic" type="radio" default="0" label="EIC_TEXT_ITALIC" description="EIC_TEXT_ITALIC_CAPTION_DESC">
					<option value="0">EIC_NO</option>
					<option value="1">EIC_YES</option>
				</field>
				<field name="style_align" type="radio" default="0" label="EIC_TEXT_ALIGN" description="EIC_TEXT_ALIGN_CAPTION_DESC">
					<option value="0">EIC_LEFT</option>
					<option value="1">EIC_CENTER</option>
					<option value="2">EIC_RIGHT</option>
				</field>
				<field name="style_caption_padding_top" type="text" label="EIC_TEXT_PADDING_TOP" default="4" description="EIC_TEXT_PADDING_TOP_CAPTION_DESC"></field>
				<field name="style_caption_padding_right" type="text" label="EIC_TEXT_PADDING_RIGHT" default="0" description="EIC_TEXT_PADDING_RIGHT_CAPTION_DESC"></field>
				<field name="style_caption_padding_bottom" type="text" label="EIC_TEXT_PADDING_BOTTOM" default="4" description="EIC_TEXT_PADDING_BOTTOM_CAPTION_DESC"></field>
				<field name="style_caption_padding_left" type="text" label="EIC_TEXT_PADDING_LEFT" default="0" description="EIC_TEXT_PADDING_LEFT_CAPTION_DESC"></field>
				
				<field type="spacer" name="line103" hr="true" />
				<field type="spacer" name="spacer_text_103" label="EIC_COPYRIGHT_INFO" />
				
				<field name="style_copy_color" type="text" label="EIC_TEXT_COLOR" default="999999" description="EIC_TEXT_COLOR_COPYRIGHT_DESC"></field>
				<field name="style_copy_size" type="text" label="EIC_TEXT_SIZE" default="11" description="EIC_TEXT_SIZE_COPYRIGHT_DESC"></field>
				<field name="style_copy_line" type="text" label="EIC_TEXT_LINE_HEIGHT" default="1.3" description="EIC_TEXT_LINE_HEIGHT_COPYRIGHT_DESC"></field>
				<field name="style_copy_bold" type="radio" default="0" label="EIC_TEXT_BOLD" description="EIC_TEXT_BOLD_COPYRIGHT_DESC">
					<option value="0">EIC_NO</option>
					<option value="1">EIC_YES</option>
				</field>
				<field name="style_copy_italic" type="radio" default="0" label="EIC_TEXT_ITALIC" description="EIC_TEXT_ITALIC_COPYRIGHT_DESC">
					<option value="0">EIC_NO</option>
					<option value="1">EIC_YES</option>
				</field>
				<field name="style_copy_align" type="radio" default="2" label="EIC_TEXT_ALIGN" description="EIC_TEXT_ALIGN_COPYRIGHT_DESC">
					<option value="0">EIC_LEFT</option>
					<option value="1">EIC_CENTER</option>
					<option value="2">EIC_RIGHT</option>
				</field>
				<field name="style_copy_padding_top" type="text" label="EIC_TEXT_PADDING_TOP" default="0" description="EIC_TEXT_PADDING_TOP_COPYRIGHT_DESC"></field>
				<field name="style_copy_padding_right" type="text" label="EIC_TEXT_PADDING_RIGHT" default="0" description="EIC_TEXT_PADDING_RIGHT_COPYRIGHT_DESC"></field>
				<field name="style_copy_padding_bottom" type="text" label="EIC_TEXT_PADDING_BOTTOM" default="4" description="EIC_TEXT_PADDING_BOTTOM_COPYRIGHT_DESC"></field>
				<field name="style_copy_padding_left" type="text" label="EIC_TEXT_PADDING_LEFT" default="0" description="EIC_TEXT_PADDING_LEFT_COPYRIGHT_DESC"></field>
				
				<field type="spacer" name="line104" hr="true" />
				
				<field name="reset_image_margin" type="radio" default="1" label="EIC_RESET_IMG_MARGIN" description="EIC_RESET_IMG_MARGIN_DESC">
					<option value="0">EIC_NO</option>
					<option value="1">EIC_YES</option>
				</field>
			</fieldset> 
		</fields>
	</config>
	
	<updateservers>
		<server type="extension" name="EasyImageCaption">http://open.roemer-online.net/eic_update.xml</server>
	</updateservers>
</extension>
